[{
  "url" : "https://api.farmskins.com/storage/images/cases/all-or-nothing-battle.png"
},
{
  "url" : "https://api.farmskins.com/storage/images/cases/battle-arena-battle.png"
},
{
  "url" : "https://api.farmskins.com/storage/images/cases/knife-round-battle.png"
},
{"url" : "https://api.farmskins.com/storage/images/cases/wild-west-battle.png"},
{"url" : "https://api.farmskins.com/storage/images/cases/free-for-all-battle.png"},
{"url" : "https://api.farmskins.com/storage/images/cases/valorant-battle.png"},
{"url" : "https://api.farmskins.com/storage/images/cases/clutchman-battle.png"}
]
