[
  {
  "id" : 2,
  "name":"lorem",
    "url": "https://api.farmskins.com/storage/images/cases_weapons/water-pressure-case.png"

  },
  {
    "id" : 3,
    "name":"lorem",
    "url": "https://api.farmskins.com/storage/images/cases_weapons/dinked-case.png"

  },
  {
    "id" : 4,
    "name":"lorem",
    "url": "https://api.farmskins.com/storage/images/cases_weapons/ready-player-two-case.png"

  },
  {
    "id" : 5,
    "name":"lorem",
    "url": "https://api.farmskins.com/storage/images/cases_weapons/neon-future-case.png"

  },
  {  "id" : 6,
    "name":"lorem",
    "url": "https://api.farmskins.com/storage/images/cases_weapons/cold-mint-case.png"

  },
  {
    "id" : 7,
    "name":"lorem",
    "url": "https://api.farmskins.com/storage/images/cases_weapons/exclusive-case.png"

  },
  { "id" : 7,
    "name":"lorem",
    "url": "https://api.farmskins.com/storage/images/cases_weapons/random-mil-spec.png"

  },
  { "id" : 7,
    "name":"lorem",
    "url": "https://api.farmskins.com/storage/images/cases_weapons/random-restricted.png"

  },
  { "id" : 7,
    "name":"lorem",
    "url": "https://api.farmskins.com/storage/images/cases_weapons/random-classified.png"

  },
  { "id" : 7,
    "name":"lorem",
    "url": "https://api.farmskins.com/storage/images/cases_weapons/random-covert.png"

  },
  { "id" : 7,
    "name":"lorem",
    "url": "https://api.farmskins.com/storage/images/cases_weapons/gloves-case.png"

  },
  { "id" : 7,
    "name":"lorem",
    "url": "https://api.farmskins.com/storage/images/cases_weapons/luxury-knife.png"

  },
  { "id" : 7,
    "name":"lorem",
    "url": "https://api.farmskins.com/storage/images/cases_weapons/random-knife.png"

  },
  { "id" : 7,
    "name":"lorem",
    "url": "https://api.farmskins.com/storage/images/cases/master-of-knives.png"

  },
  { "id" : 7,
    "name":"lorem",
    "url": "https://api.farmskins.com/storage/images/cases/covertknives.png"

  },
  { "id" : 7,
    "name":"lorem",
    "url": "https://api.farmskins.com/storage/images/cases_weapons/farmknives.png"

  },
  { "id" : 7,
    "name":"lorem",
    "url": "https://api.farmskins.com/storage/images/cases_weapons/random-m4.png"

  },
  { "id" : 7,
    "name":"lorem",
    "url": "https://api.farmskins.com/storage/images/cases_weapons/random-ak-47.png"

  },
  { "id" : 7,
    "name":"lorem",
    "url": "https://api.farmskins.com/storage/images/cases_weapons/random-awp.png"

  },
  { "id" : 7,
    "name":"lorem",
    "url": "https://api.farmskins.com/storage/images/cases/master-of-pistol.png"

  },
  { "id" : 7,
    "name":"lorem",
    "url": "https://api.farmskins.com/storage/images/cases/gaben-case.png"

  },
  { "id" : 7,
    "name":"lorem",
    "url": "https://api.farmskins.com/storage/images/cases/sonic-case.png"

  },
  { "id" : 7,
    "name":"lorem",
    "url": "https://api.farmskins.com/storage/images/cases/harley-quinn-case.png"

  },
  { "id" : 7,
    "name":"lorem",
    "url": "https://api.farmskins.com/storage/images/cases/drakepoop.png"

  },
  {  "id" : 7,
    "name":"lorem",
    "url": "https://api.farmskins.com/storage/images/cases/rage.png"},

  { "id" : 7,
    "name":"lorem",
    "url": "https://api.farmskins.com/storage/images/cases/covert-gloves-case.png"

  },
  { "id" : 7,
    "name":"lorem",
    "url": "https://api.farmskins.com/storage/images/cases/from-russia-with-love.png"

  },
  { "id" : 7,
    "name":"lorem",
    "url": "https://api.farmskins.com/storage/images/cases/bad-chicken.png"

  },
  { "id" : 7,
    "name":"lorem",
    "url": "https://api.farmskins.com/storage/images/cases/lucky-panda.png"

  },
  { "id" : 7,
    "name":"lorem",
    "url": "https://api.farmskins.com/storage/images/cases/stattrak-case.png"

  },
  { "id" : 7,
    "name":"lorem",
    "url": "https://api.farmskins.com/storage/images/cases_weapons/all-or-nothing-battle.png"

  },
  { "id" : 7,
    "name":"lorem",
    "url": "https://api.farmskins.com/storage/images/cases_weapons/arms-race-battle.png"

  },
  { "id" : 7,
    "name":"lorem",
    "url": "https://api.farmskins.com/storage/images/cases_weapons/battle-arena-battle.png"

  },
  { "id" : 7,
    "name":"lorem",
    "url": "https://api.farmskins.com/storage/images/cases_weapons/knife-round-battle.png"

  },
  { "id" : 7,
    "name":"lorem",
    "url": "https://api.farmskins.com/storage/images/cases_weapons/clutchman-battle.png"

  },
  { "id" : 7,
    "name":"lorem",
    "url": "https://api.farmskins.com/storage/images/cases_weapons/valorant-battle.png"

  },
  { "id" : 7,
    "name":"lorem",
    "url": "https://api.farmskins.com/storage/images/cases_weapons/knives-and-gloves-battle.png"

  },
  { "id" : 7,
    "name":"lorem",
    "url": "https://api.farmskins.com/storage/images/cases_weapons/jailbrake-battle.png"

  },
  { "id" : 7,
    "name":"lorem",
    "url": "https://api.farmskins.com/storage/images/cases_weapons/free-for-all-battle.png"

  },
  { "id" : 7,
    "name":"lorem",
    "url": "https://api.farmskins.com/storage/images/cases_weapons/wild-west-battle.png"

  }

]
